Full name,Email ID,College,Linkedin,Github
Abhishek Jain,abhishekjain261007@rgmail.com,SVNIT,https://www.linkedin.com/in/abhishek-jain-526310401?utm_source=share_via&utm_content=profile&utm_medium=member_ios,
Adeep AG,hello@adeepag.com,Sai Vidya institute of technology,https://www.linkedin.com/in/adeep-ag-adi132007?utm_source=share_via&utm_content=profile&utm_medium=member_android,https://www.github.com/ADEEP13
Aditya Nukala,adityanukala1998@gmail.com,The University of Texas at Dallas,https://www.linkedin.com/in/aditya-nukala-124663133/,https://github.com/adikp98
Aditya Reddy,adityareddy400@gmail.com,Manipal University Jaipur,https://www.linkedin.com/in/aditya-reddy-288406234/,https://github.com/aditya-1020
Amaan Pathan,mohdamaan.s.pathan@nuv.ac.in,Navrachana University,https://www.linkedin.com/in/amaan-pathan-127bb0263/,
Amrutha M,amrutha0019@gmail.com,Cochin University of Science and Technology,https://www.linkedin.com/in/amrutha-m-738a78272/,https://github.com/amrutham-24
Anandu Rajan,anandhurajan061@gmail.com,Government Engineering college Wayanad,https://www.linkedin.com/in/anandu-rajan-12i2005?utm_source=share_via&utm_content=profile&utm_medium=member_android,
Ankit Choudhury,ankit02122004@gmail.com,XIM University bhubaneswar,https://www.linkedin.com/in/ankit-choudhury-a91bb330a,
Ankit raj,ankitoffical24@gmail.com,Noida international University,https://www.linkedin.com/in/ankit-r-432400241,https://github.com/ANKITRA-J
ANNESTIO PIETY CASTANHA,annestiocastanha13@gmail.com,Goa College of Engineering,https://www.linkedin.com/in/annestio-piety-castanha-0b37263a9/,https://github.com/apcetc
Anusheel Singh,anusheelsingh04@gmail.com,SRM Institute of Science and Technology,https://www.linkedin.com/in/anusheel-singh/?skipRedirect=true,https://github.com/AnusheelSingh12
Appu Raj,appu2016gk@gmail.com,LNCT,https://www.linkedin.com/in/appu-raj-124855322?utm_source=share_via&utm_content=profile&utm_medium=member_android,
Arafat Babar,babararafat9@gmail.com,Navrachana University,https://www.linkedin.com/in/arafat-babar-a88515303?utm_source=share_via&utm_content=profile&utm_medium=member_android,https://github.com/ArafatBabar
Arijit Ghosh,arijitghosh2707@gmail.com,Netaji Shubash Engineering College,https://www.linkedin.com/in/arijit-ghosh-82809522b?utm_source=share_via&utm_content=profile&utm_medium=member_android,https://github.com/Ari-jit
Arjav Sanjaybhai Khunt,arjavkhunt01@gmail.com,SN Patel Institute Of Technology,www.linkedin.com/in/arjav-khunt-98259a382,
Arjun A,arjunarun360@gmail.com,Amrita Vishwa Vidyapeetham,https://www.linkedin.com/in/arjun-arun-627421273?utm_source=share_via&utm_content=profile&utm_medium=member_ios,https://github.com/arjnchrn/ECGbiometric
Arjun Rajesh,arjunofficial465@gmail.com,Ramaiah Institute of Technology,linkedin.com/in/arjunrajesh4,
Arush Dwivedi,arushdwivedi.ec23@bmsce.ac.in,BMS College of Engineering,https://www.linkedin.com/in/arushdwivedi11/,https://github.com/ArushDwivedi11
Ashish Kumar Pal,jipal5212@gmail.com,Sharda University,https://www.linkedin.com/in/ashish-kumar-pal-59a9122b9?utm_source=share_via&utm_content=profile&utm_medium=member_android,https://github.com/jipal5212-wq
Ashutosh Mishra,Ashutosh.24428@knit.ac.in,Kamla Nehru Institute of Technology,https://www.linkedin.com/in/ashutosh24428?utm_source=share_via&utm_content=profile&utm_medium=member_ios,
CHERALA ROHAN,23211a0444@gmail.com,B V RAJU INSTITUTE OF TECHNOLOGY,https://in.linkedin.com/in/rohan-cherala-62a23a293,
Gantla Venkata Sravan,gvsravan007@gmail.com,IIT Tirupati,https://www.linkedin.com/in/venkata-sravan-gantla-323144236/,https://github.com/sravangantla007
Hardik Kumar Sinha,hardikkumarsinha@gmail.com,"Samrat Ashok Technological Institute, Vidisha",linkedin.com/in/hardik-kumar-sinha,github.com/HKSinha510
Harshavardhan Chakraborty,harshavardhanc.electrical.ug@jadavpuruniversity.in,Jadavpur University,https://www.linkedin.com/in/harshavardhanchakraborty/,
Harshit Kumar Sharma,harshit369sharma2005@gmail.com,Lovely Professional University,https://www.linkedin.com/in/harshit-kumar-sharma/,https://github.com/harshit2387
hruday duppalapudi,hrudayraj031107@gmail.com,JK lakshmipat university,www.linkedin.com/in/duppalapudi-hruday-045116377,https://github.com/HRUDAY-INVENTORY-03/vision.git
JANAPAATI ROHITH,janapaatirohith@jklu.edu.in,Jk Lakshmipat University,https://www.linkedin.com/in/janapaati-rohith-590751395?utm_source=share_via&utm_content=profile&utm_medium=member_android,https://github.com/JanapaatiRohith?tab=repositories
JARIWALA ANIKET AJAYKUMAR,aniketjariwala.ec23@scet.ac.in,Sarvajanik collage of engineering and technology,Aniket Jariwala,https://github.com/AniketJariwala28/ANIKET-JARIWALA
KAWINKUMAR P,kawinkumarpaulraj@gmail.com,JANSONS INSTITUTE OF TECHNOLOGY,https://www.linkedin.com/in/kawinkumarp2005/,https://github.com/KAWINKUMAR-P?tab=repositories
Ketan Shrirao,ketanshrirao@gmail.com,Priyadarshini College Of Engineering,https://www.linkedin.com/in/ketanshrirao/,
Kidiyoor Shreeharsha Bhatt,kshreeh007@gmail.com,Mount Carmel University,https://www.linkedin.com/in/k-shreeharsha-bhatt-30943627b?utm_source=share_via&utm_content=profile&utm_medium=member_android,
Komaram Mani Chandra,komaramchandra123@gmail.com,JK Lakshmipat University,https://www.linkedin.com/in/komaram-mani-chandra-6622b03a5?utm_source=share_via&utm_content=profile&utm_medium=member_android,
Kondeti Veena Vatsav Jagadeeswar,jagadeeswar.kondeti24@sasi.ac.in,Sasi institute of technology and engineering,https://www.linkedin.com/in/jagadeeswar-kondeti-aa8061358?utm_source=share_via&utm_content=profile&utm_medium=member_android,
Lakshy Choudhary,lakshy.smh@gmail.com,Dayananda Sagar College Of Engineering,https://linkedin.com/in/lakshy-choudhary,https://github.com/git-lakshy
Lakshya chawla,lakshya123ch@gmail.com,Maharaja Agrasen institute of management studies,https://www.linkedin.com/in/lakshya-chawla-1152b3387?utm_source=share_via&utm_content=profile&utm_medium=member_android,https://github.com/lakshy1980
Leo Ignatius,ignatiusleo43@gmail.com,National College Basavanagudi,https://www.linkedin.com/in/leoignatius?utm_source=share_via&utm_content=profile&utm_medium=member_android,https://github.com/Leoignatius85
M Thirugnanaa Sambandam,sathirugnanam2008@gmail.com,SRM Institute of Science And Technology,https://www.linkedin.com/in/thirugnanaasambandam-manikandan-2763271b3/,
M.R.KIRUTHICK,ssskiruthick@gmail.com,SRM IST VADAPALANI,https://www.linkedin.com/in/kiruthick-m-r-077b8a374?utm_source=share_via&utm_content=profile&utm_medium=member_android,
MAJJI BHANU PRAKASH,bhanumajji667@gmail.com,Vignan's institute of information technology,https://www.linkedin.com/in/bhanu-prakash-majji-2b492b361?utm_source=share_via&utm_content=profile&utm_medium=member_android,https://github.com/bhanumajji
MIT BHADRESHBHAI KANKAD,meetkankad@gmail.com,"Vishwakarma Government Engineering College (VGEC - CHANDKHEDA, GANDHINAGAR)",https://www.linkedin.com/in/mkvlsi?utm_source=share_via&utm_content=profile&utm_medium=member_android,
MOHIT KUMAR THAKUR,mohitthakur02007@gmail.com,Delhi Technological University,https://www.linkedin.com/in/mohitthakur00,https://github.com/mohitthakur2007
Nathan Mathews,nathanmath3ws@gmail.com,Manipal Institute of Technology,"https://www.linkedin.com/in/nathan-mathew (Inactive currently, will be starting soon)","https://github.com/Deagle2, https://github.com/Deagle2/Reverse-Engineering-Bitstreams/"
Nishant Sanjay Basmatkar,nishantbasmatkar1@gmail.com,"NMAMIT, Nitte",https://www.linkedin.com/in/nishant-basmatkar-a8190a241?utm_source=share_via&utm_content=profile&utm_medium=member_ios,
Pradyumna Dalmia,dalmiapradyumn@gmail.com,"Manipal Institute of Technology , Manipal Karnataka",www.linkedin.com/in/pradyumnadalmia,github.com/Aurtikent
Pranav Dhole,pranavvijaydhole2006@gmail.com,Vellore institute of technology,https://www.linkedin.com/in/pranav-dhole-39b1b9310?utm_source=share_via&utm_content=profile&utm_medium=member_android,https://meowchao.github.io/portfolio-minimal-v2/
Praveen Kumar,praveen.kumar.tek@gmail.com,UIET CSJMU,https://www.linkedin.com/in/praveen-kumar-5052a3299/,https://github.com/praveen-tek
Pritika Gatike,pritikagatike@gmail.com,Amrita Vishwa Vidyapeetham,|  linkedin.com/in/pritika-gatike-44574b325,https://github.com/PRITIKAGATIKE
Pruthvi M,pruthvi.20ai@gmail.com,Global Academy of Technology,https://www.linkedin.com/in/pruthvi-m-0094b4287?utm_source=share_via&utm_content=profile&utm_medium=member_android,
Punya Malaiya Jain,ae23b038@smail.iitm.ac.in,Indian Institute of Technology Madras,https://www.linkedin.com/in/punya-jain-4a1288286/,https://github.com/Punyajain-cmd
Rahul Sam,rahulsam4002@gmail.com,Meghnad Saha Institute of Technology,https://www.linkedin.com/in/rahul-sam-ab7040369?utm_source=share_via&utm_content=profile&utm_medium=member_android,
Revand Pradeep,revandpradeepk@gmail.com,NIT Agartala,https://www.linkedin.com/in/revand-pradeep-6a6a6a319?utm_source=share_via&utm_content=profile&utm_medium=member_android,
Rudra Das,dsrudra06@gmail.com,Jadavpur University,https://www.linkedin.com/in/rudra-das-2425aa327?utm_source=share_via&utm_content=profile&utm_medium=member_android,https://github.com/dengrao/esp32-miniebookplayer
Rujul Rajeev Rumale,rujul.rumale@gmail.com,Anurag University,https://www.linkedin.com/in/rujulrumale,https://github.com/Rujul-Rumale
Rupa Devi Tirumala,rupaugc45@gmail.com,Central University of Rajasthan,https://www.linkedin.com/in/rupa-devi-tirumala-77829a32a?utm,
S Vaishnavi,vaishnavis1603@gmail.com,Sai Vidya Institute of Technology,https://www.linkedin.com/in/s-vaishnavi-8baa5a36b?utm_source=share_via&utm_content=profile&utm_medium=member_android,https://github.com/vaishnavis1603-blip
Sachidananda Mallick,sachinmallickff.19@gmail.com,Biju Patnaik University of Technology,https://www.linkedin.com/in/sachidananda-mallick?utm_source=share_via&utm_content=profile&utm_medium=member_android,https://github.com/Sachin1724
Sachin Tom John,tjsachintj@gmail.com,NDA,https://www.linkedin.com/in/sachin-john,
Saksham Sud,sakshamsud5@gmail.com,Navrachana University,https://www.linkedin.com/in/saksham-sud,
Shashikant,Shashikant70086@gmail.com,Madan Mohan Malaviya University of Technology,Https://Linkedin.com/in/shashikant-in,Github.com/shashikant70086
Shreya Jaiswal,shreyajaiswal0575@gmail.com,Jagran Lakecity University,https://linkedin.com/in/jaiswalshreya05,https://github.com/shreya05-j
Shreya Veni,shreya.veni@cumminscollege.in,"MKSSS, Cummins College of Engineering for Women, Pune",https://www.linkedin.com/in/shreya-veni-77b447369?utm_source=share_via&utm_content=profile&utm_medium=member_android,
Shriansh Samant Singhar,shrianshog@gmail.com,Silicon University,https://www.linkedin.com/in/shriansh-samant-singhar-8168753b8?utm_source=share_via&utm_content=profile&utm_medium=member_android,
Siddhartha Reddy,yerasi.venkat8406@gmail.com,Bangalore Institute of technology,https://www.linkedin.com/in/siddhartha8406?,
Smit Savani,savanismit89@gmail.com,Charusat University,https://www.linkedin.com/in/smit-d-savani029,
Soham Mistry,sohammistry044@gmail.com,Haldia Institute of Pharmacy,https://www.linkedin.com/in/soham-mistry-28a85a316?utm_source=share_via&utm_content=profile&utm_medium=member_android,
Sumit Maheshwari,sumitmaheshwari812@gmail.com,Indore Institute of Science and Technology,https://www.linkedin.com/in/sumit-maheshwari-57160b237?utm_source=share_via&utm_content=profile&utm_medium=member_android,https://github.com/roboticist-blip
Susnata Mondal,susnatamondal3@gmail.com,Dr. BC Roy Engineering College,https://www.linkedin.com/in/susnata-mondal-7b859035b?utm_source=share_via&utm_content=profile&utm_medium=member_android,
Trilok Bhavsar,trilokjbhavsar01@gmail.com,Nirma University,https://in.linkedin.com/in/trilokbhavsar,
Utkarsh Arambhi,utkarsharambhi@gmail.com,"GEC Gandhinagar,",https://www.linkedin.com/in/utkarsh-arambhi-27b058360?utm_source=share&utm_campaign=share_via&utm_content=profile&utm_medium=android_app,
Utkarsh Verma,vermautkarsh901@gmail.com,The National institute of engineering Mysore,https://www.linkedin.com/in/utkarsh-verma-69564731a?utm_source=share_via&utm_content=profile&utm_medium=member_android,https://github.com/Sigma-Verma
Vaibhav Santosh Tiwari,vaibhav.24bey10058@vitbhopal.ac.in,VIT Bhopal University,https://www.linkedin.com/in/orignalbox,https://github.com/orignalbox/
Varikuppala Dinesh,dineshvarikuppala07@gmail.com,Jk lakshmipat university,https://www.linkedin.com/in/varikuppala-dinesh-612739377?utm_source=share_via&utm_content=profile&utm_medium=member_android,No
VARUN TEJA ANKARLA,a.varunteja@jklu.edu.in,JK lakshmipat university,https://www.linkedin.com/in/varun-teja-ankarla-a2ab78385?utm_source=share_via&utm_content=profile&utm_medium=member_android,
Veer Kishan Whabi,vkeighteen1@gmail.com,NIT SURAT,www.linkedin.com/in/veer-kishan-63705229b,https://github.com/VEERU24EC006
Yagna Khokhariya,yagna.r.d.khokhariya@gmail.com,Pandit Deendayal Energy University (PDEU),https://www.linkedin.com/in/yagnardk/,http://github.com/YagnaRDK
Yash Sharda,yashsharda2006@gmail.com,Jaypee Institute of information technology Sector 62,https://www.linkedin.com/in/yash-sharda,https://github.com/Yashsharda2
Yashvi Doshi,202401248@dau.ac.in,Dhirubhai Ambani University,www.linkedin.com/in/yashvi-doshi-,https://github.com/yashvidoshi
yatharth vishwa,yatharth4665@gmail.com,symbiosis insitutie of applied sciences,https://www.linkedin.com/in/yatharth-vishwa-81676981/,https://github.com/yatharthvishwa
