Fellow,PurchaseProof,Github(Project)_count,Linkedin_count,Blog_count,X_count,Workshop_count,Other_count,Total_Points,Threshold_250
Abhishek Jain,NO,0,0,0,0,0,0,0,BELOW
Adeep AG,NO,0,0,0,0,0,0,0,BELOW
Aditya Nukala,NO,0,0,0,0,0,0,0,BELOW
Aditya Reddy,NO,0,0,0,0,0,0,0,BELOW
Amaan Pathan,NO,0,0,0,0,0,0,0,BELOW
Amrutha M,NO,0,0,0,0,0,0,0,BELOW
Anandu Rajan,NO,0,0,0,0,0,0,0,BELOW
Ankit Choudhury,NO,0,0,0,0,0,0,0,BELOW
Ankit raj,NO,0,0,0,0,0,0,0,BELOW
ANNESTIO PIETY CASTANHA,NO,0,0,0,0,0,0,0,BELOW
Anusheel Singh,NO,0,0,0,0,0,0,0,BELOW
Appu Raj,NO,0,0,0,0,0,0,0,BELOW
Arafat Babar,NO,0,0,0,0,0,0,0,BELOW
Arijit Ghosh,NO,0,0,0,0,0,0,0,BELOW
Arjav Sanjaybhai Khunt,NO,0,0,0,0,0,0,0,BELOW
Arjun A,YES,2,1,6,2,1,7,905,ELIGIBLE
Arjun Rajesh,NO,0,0,0,0,0,0,0,BELOW
Arush Dwivedi,NO,0,0,0,0,0,0,0,BELOW
Ashish Kumar Pal,NO,0,0,0,0,0,0,0,BELOW
Ashutosh Mishra,NO,0,0,0,0,0,0,0,BELOW
CHERALA ROHAN,NO,0,0,0,0,0,0,0,BELOW
Gantla Venkata Sravan,NO,0,0,0,0,0,0,0,BELOW
Hardik Kumar Sinha,NO,0,0,0,0,0,0,0,BELOW
Harshavardhan Chakraborty,NO,0,0,0,0,0,0,0,BELOW
Harshit Kumar Sharma,NO,0,0,0,0,0,0,0,BELOW
hruday duppalapudi,NO,0,0,0,0,0,0,0,BELOW
JANAPAATI ROHITH,NO,0,0,0,0,0,0,0,BELOW
JARIWALA ANIKET AJAYKUMAR,NO,0,0,0,0,0,0,0,BELOW
KAWINKUMAR P,NO,0,0,0,0,0,0,0,BELOW
Ketan Shrirao,NO,0,0,0,0,0,0,0,BELOW
Kidiyoor Shreeharsha Bhatt,NO,0,0,0,0,0,0,0,BELOW
Komaram Mani Chandra,NO,0,0,0,0,0,0,0,BELOW
Kondeti Veena Vatsav Jagadeeswar,NO,0,0,0,0,0,0,0,BELOW
Lakshy Choudhary,NO,0,0,0,0,0,0,0,BELOW
Lakshya chawla,NO,0,0,0,0,0,0,0,BELOW
Leo Ignatius,NO,0,0,0,0,0,0,0,BELOW
M Thirugnanaa Sambandam,NO,0,0,0,0,0,0,0,BELOW
M.R.KIRUTHICK,NO,0,0,0,0,0,0,0,BELOW
MAJJI BHANU PRAKASH,NO,0,0,0,0,0,0,0,BELOW
MIT BHADRESHBHAI KANKAD,NO,0,0,0,0,0,0,0,BELOW
MOHIT KUMAR THAKUR,NO,0,0,0,0,0,0,0,BELOW
Nathan Mathews,NO,0,0,0,0,0,0,0,BELOW
Nishant Sanjay Basmatkar,NO,0,0,0,0,0,0,0,BELOW
Pradyumna Dalmia,NO,0,0,0,0,0,0,0,BELOW
Pranav Dhole,NO,0,0,0,0,0,0,0,BELOW
Praveen Kumar,NO,0,0,0,0,0,0,0,BELOW
Pritika Gatike,NO,0,0,0,0,0,0,0,BELOW
Pruthvi M,NO,0,0,0,0,0,0,0,BELOW
Punya Malaiya Jain,NO,0,0,0,0,0,0,0,BELOW
Rahul Sam,NO,0,0,0,0,0,0,0,BELOW
Revand Pradeep,NO,0,0,0,0,0,0,0,BELOW
Rudra Das,NO,0,0,0,0,0,0,0,BELOW
Rujul Rajeev Rumale,NO,0,0,0,0,0,0,0,BELOW
Rupa Devi Tirumala,NO,0,0,0,0,0,0,0,BELOW
S Vaishnavi,NO,0,0,0,0,0,0,0,BELOW
Sachidananda Mallick,NO,0,0,0,0,0,0,0,BELOW
Sachin Tom John,NO,0,0,0,0,0,0,0,BELOW
Saksham Sud,NO,0,0,0,0,0,0,0,BELOW
Shashikant,NO,0,0,0,0,0,0,0,BELOW
Shreya Jaiswal,NO,0,0,0,0,0,0,0,BELOW
Shreya Veni,NO,0,0,0,0,0,0,0,BELOW
Shriansh Samant Singhar,NO,0,0,0,0,0,0,0,BELOW
Siddhartha Reddy,NO,0,0,0,0,0,0,0,BELOW
Smit Savani,NO,0,0,0,0,0,0,0,BELOW
Soham Mistry,NO,0,0,0,0,0,0,0,BELOW
Sumit Maheshwari,NO,0,0,0,0,0,0,0,BELOW
Susnata Mondal,NO,0,0,0,0,0,0,0,BELOW
Trilok Bhavsar,NO,0,0,0,0,0,0,0,BELOW
Utkarsh Arambhi,NO,0,0,0,0,0,0,0,BELOW
Utkarsh Verma,NO,0,0,0,0,0,0,0,BELOW
Vaibhav Santosh Tiwari,NO,0,0,0,0,0,0,0,BELOW
Varikuppala Dinesh,NO,0,0,0,0,0,0,0,BELOW
VARUN TEJA ANKARLA,NO,0,0,0,0,0,0,0,BELOW
Veer Kishan Whabi,NO,0,0,0,0,0,0,0,BELOW
Yagna Khokhariya,NO,0,0,0,0,0,0,0,BELOW
Yash Sharda,NO,0,0,0,0,0,0,0,BELOW
Yashvi Doshi,NO,0,0,0,0,0,0,0,BELOW
yatharth vishwa,NO,0,0,0,0,0,0,0,BELOW
